No.,Timestamp,Topic,Question
1,2026-06-11T19:14:01.418055,Physics,capture py | the | config-py | main-py | latest_question.txt | magnetic axis | main-py | 10 | 10 | it's the | ocr py | same | quiz_croppng | 12 | everywhere | study_assistantpy | ocr py | 11 | on | both sides | 17 | quiz_croppng | 18 | 12 | Ie | PROBLEMS | TERMINAL | powershell | +~ @ @ | 63 | venv) PS C: |Users IHPloneDrivelDesktoplrapid_quiz> py study_&
2,2026-06-11T19:14:03.452903,Physics,capture py | magnetic axis | config-py | main-py | latest_question.txt | 10 | main-py | 10 | 10 | it's the | ocr py | ocr py | quiz_croppng | 12 | same | study_assistantpy | ~quiz_croppng | 12 | everywhere | 16 | study_assistantpy | 17 | ocr | py | 18 | 11 | Ie | PROBLEMS | TERMINAL | powershell | +~ @ @ | f3 | :venv) PS C: |Users HPloneDrivelDesktoplrapid_quiz> py study_assi | sti
3,2026-06-11T19:14:09.542136,Physics,capture py | magnetic axis | config-py | main-py | latest_question.txt | 10 | main py | 10 | 10 | it's the | ocr py | ocr py | question_bankjson | 12 | same | quiz_croppng | 13 | ~quiz_croppng | study_assistant py | 12 | 15 | everywhere | 16 | study_assistantpy | 17 | ocr | py | 18 | 11 | Ie | PROBLEMS | TERMINAL | py +~ @ @ - |{ | (.venv) PS C: lUsers IHPIOneDrivelDesktoplrapid | py study_assi | stant.py | both sides | 17 | quiz_croppng | 18 | 12 | Ie | PROBLEMS | TERMINAL | powershell | quiz>
4,2026-06-11T19:14:15.622085,Physics,"capture png | capture py | config-py | 'id"" | '404e39196976471dfe8af84d498187e9"" | latest_question.txt | ""timestamp | 2026 | 06-11719:14:03.452903 | 10 | 'question"" | 'capture pyInmagnetic axis Inconfig-py ' | nmain | main py | ocrpy | 12 | question_bankjson | quiz_croppng | study_assistant py | Ie | PROBLEMS | OUTPUT | TERMINAL | py +~ @ W | 33 | (.venv) | PS C: Users IHPloneDrive lDesktoplrapid_quiz> py study | stant.py | ocr | py | 18 | 11 | Ie | PROBLEMS | TERMINAL | powershell | f3 | :venv) PS C: | lusers HPloneDrivelDesktoplrapid_quiz> py study_assi | assi"
5,2026-06-11T19:14:18.148143,Physics,Aml | 30 | Q.3 | Where is the force of attraction of a | magnet the greatest | Options | on the | magnetic axis | it's the same everywhere
6,2026-06-11T19:14:43.271797,General Knowledge,Ctrl+V | Shift+Alt+C | traction of | Ctrl+K Ctrl+ Shift+C | -ontext | JSON | 88 Chat qu
7,2026-06-11T19:14:51.851213,Physics,"capture png | capture py | 'id"" | '404e39196976471dfe8af84d498187e9"" | latest_question.txt | ""timestamp | 2026 | 06-11T19:14:03.452903 | main py | C Users  HPI | Onelavel Desktopi | 'question""test | irapia | 'capturex | pyInmagnetic axis Inconfig-py' | nmain | 11 | ocrpy | 12 | question_bankjson | ""id"" | ""ac836885f95858ce99e4a4922f1e4d35"" | quiz_croppng | ""timestamp"" | 2026 | 06-11T19:14:09.542136 | study_assistant py | 'question"" | 'capture py Inmagnetic axis Inconfig-py |amain | 16 | 17 | 18 | 'id"" | 'a4505cf5Scgf791c4fcdbcc6fb2za7623"" | Ie | PROBLEMS | OUTPUT | TERMINAL | py +~ @ W | venv | PS C: lUsers IHPIOneDrivelDesktoplrapid | py study | stant.py | NEW QUESTION SAVED | 30 | 0.3 | Where is the force of attraction 0f a | magnet the greatest | Options | on the | magnetic axis | config-py | quiz> | assi | Aml"
8,2026-06-11T19:14:58.451350,General Knowledge,capture py | config-py | latest_question txt | main py | ocr py | question_bankjson | quiz_croppng | review-py | study_assistant-py | Ie | PROBLEMS | OUTPUT | TERMINAL | py +~ @ W | If | venv | PS C: Users IHPloneDrive lDesktoplrapid_quiz> py study | stant.py | Total saved: | NEW QUESTION SAVED | ctrl+v | ShifttAlt+c | traction of | CtrltK Ctrl+ Shift+c | ~ontext | JSON | assi
9,2026-06-11T19:15:05.526351,Physics,"capture py | 45 | print | 'No matching questions found | config-py | 46 | latest_question txt | 47 | elif choice | 3"" | main py | 48 | print( ""Goodbye! "" | ocr py | 49 | break | question_bankjson | 50 | 51 | else: | quiz_crop png | 52 | print | 'Invalid option . | review-py | study_assistant py | Ie | PROBLEMS | OUTPUT | TERMINAL | py +~ @ W | 33 | (.venv | PS C: Users IHPloneDrive lDesktoplrapid_quiz> py study | stant.py | NEW QUESTION SAVED | 30 | 0.3 | Where is the force of attraction Of a | magnet the greatest | Options | on the | magnetic | axis | config-py | quiz> | assi | assi"
10,2026-06-11T19:15:12.090948,General Knowledge,"capture py | 45 | print | 'No matching questions found | config-py | 46 | latest_question txt | 47 | elif choice | 3"" | main py | 48 | print( ""Goodbye! "" | ocr py | 49 | break | question_bankjson | 50 | 51 | else: | quiz_crop png | 52 | print | 'Invalid option . | review-py | study_assistant py | Ie | PROBLEMS | OUTPUT | TERMINAL | py + ~ @ @ - |: | (.venv) | PS C: Users IHPloneDrivelDesktoplrapid_quiz> py study_ | stant.py | venv | PS C: Users IHPloneDrive IDesktoplrapid_quiz> py study | stant.py | Total saved: | NEW QUESTION SAVED | ctrltv | ShifttAlttc | traction of | ctrltk Ctrl+ Shifttc | ~ontext | JSON | assi"
11,2026-06-11T19:15:18.654664,Physics,"capture py | 45 | print | 'No matching questions found | config-py | 46 | latest_question txt | 47 | elif choice | 3"" | main py | 48 | print( ""Goodbye! "" | ocr py | 49 | break | question_bankjson | 50 | 51 | else: | quiz_crop png | 52 | print | 'Invalid option . | review-py | study_assistant py | Ie | PROBLEMS | OUTPUT | TERMINAL | py +~ @ W | 33 | (.venv) | PS C: Users IHPloneDrive lDesktoplrapid_quiz> py study | stant.py | 30 | 0.3 | Where is the force of attraction Of a | magnet the greatest | Options | on the | magnetic | axis | config-py | quiz> | assi | assi"
12,2026-06-11T19:15:23.257557,General Knowledge,"capture py | 45 | print | 'No matching questions found | config-py | 46 | latest_question txt | 47 | elif choice | 3"" | main py | 48 | print( ""Goodbye! "" | ocr py | 49 | break | question_bankjson | 50 | 51 | else: | quiz_crop png | 52 | print | 'Invalid option . | review-py | study_assistant py | Ie | PROBLEMS | TERMINAL | powershell | T ~ | PS C: Users HPloneDrivelDesktoplrapid_quiz> py review"
13,2026-06-11T19:15:29.298545,General Knowledge,"capture py | 45 | print | 'No matching questions found | config-py | 46 | latest_question txt | 47 | elif choice | 3"" | main py | 48 | print( ""Goodbye! "" | ocr py | 49 | break | question_bankjson | 50 | 51 | else: | quiz_crop png | 52 | print | 'Invalid option . | review-py | study_assistant py | Ie | PROBLEMS | TERMINAL | py +~ @ @ | PS C: Users HPloneDrivelDesktoplrapid_quiz> py review,^C | PS C: |Users IHPloneDrivelDesktoplrapid_quiz> (Set-ExecutionPolicy | Scope | Process | ~ExecutionPolicy Remotesigned) | (& c: |Users |HPIOn | eDrivelDesktop lrapid_quiz| .venv |Scripts Activate.ps1) | venv) PS C: |Users IHPloneDrivelDesktoplrapid_quiz> py | Python | 3.14.5 (tags/v3.14.5:5607950, May 10 2026, 10:43:50) [MSC | V.1944 | 64 bit (AMD64) ] | on win32 | Type ""help"" | 'copyright"" | credits"" | or ""license"" for more informa | tion. | ctrl click to launch VS Code Native REPL | >>> | cle"
14,2026-06-11T19:15:35.863390,General Knowledge,"capture py | 45 | print | 'No matching questions found | config-py | 46 | latest_question txt | 47 | elif choice | 3"" | main py | 48 | print( ""Goodbye! "" | ocr py | 49 | break | question_bankjson | 50 | 51 | else: | quiz_crop png | 52 | print | 'Invalid option . | review-py | study_assistant py | Ie | PROBLEMS | TERMINAL | py +~ @ @ | PS C: Users HPloneDrivelDesktoplrapid_quiz> py review,^C | PS C: |Users IHPloneDrivelDesktoplrapid_quiz> (Set-ExecutionPolicy | Scope | Process | ~ExecutionPolicy Remotesigned) | (& c: |Users |HPIOn | eDrivelDesktop lrapid_quiz| .venv |Scripts Activate.ps1) | venv) PS C: |Users IHPloneDrivelDesktoplrapid_quiz> py | Python | 3.14.5 (tags/v3.14.5:5607950, May 10 2026, 10:43:50) [MSC | V.1944 | 64 bit (AMD64) ] | on win32 | Type ""help"" | 'copyright"" | credits"" | or ""license"" for more informa | tion. | ctrl click to launch VS Code Native REPL | >>>"
15,2026-06-11T19:15:41.897096,General Knowledge,"capture py | 45 | print | 'No matching questions found | config-py | 46 | latest_question txt | 47 | elif choice | 3"" | main py | 48 | print( ""Goodbye! "" | ocr py | 49 | break | question_bankjson | 50 | 51 | else: | quiz_crop png | 52 | print | 'Invalid option . | review-py | study_assistant py | Ie | PROBLEMS | TERMINAL | py +~ @ @ | PS C: Users HPloneDrivelDesktoplrapid_quiz> py review,^C | PS C: |Users IHPloneDrivelDesktoplrapid_quiz> (Set-ExecutionPolicy | Scope | Process | ~ExecutionPolicy Remotesigned) | (& c: |Users |HPIOn | eDrivelDesktop lrapid_quiz| .venv |Scripts Activate.ps1) | venv) PS C: |Users IHPloneDrivelDesktoplrapid_quiz> py | Python | 3.14.5 (tags/v3.14.5:5607950, May 10 2026, 10:43:50) [MSC | V.1944 | 64 bit (AMD64) ] | on win32 | Type ""help"" | 'copyright"" | credits"" | or ""license"" for more informa | tion. | ctrl click to launch VS Code Native REPL | >>> | >>>"
16,2026-06-11T19:15:46.473570,General Knowledge,"capture py | 45 | print | 'No matching questions found | config-py | 46 | latest_question txt | 47 | elif choice | 3"" | main py | 48 | print( ""Goodbye! "" | ocr py | 49 | break | question_bankjson | 50 | 51 | else: | quiz_crop png | 52 | print | 'Invalid option . | review-py | study_assistant py | Ie | PROBLEMS | TERMINAL | powershell"
17,2026-06-11T19:15:51.011296,General Knowledge,"capture py | 45 | print | 'No matching questions found | config-py | 46 | latest_question txt | 47 | elif choice | 3"" | main py | 48 | print( ""Goodbye! "" | ocr py | 49 | break | question_bankjson | 50 | 51 | else: | quiz_crop png | 52 | print | 'Invalid option . | review-py | study_assistant py | Ie | PROBLEMS | TERMINAL | powershell | T ~ | PS C: Users HPloneDrivelDesktoplrapid_quiz> py revie]"
18,2026-06-11T19:15:56.043419,General Knowledge,"capture py | 45 | print | 'No matching questions found | config-py | 46 | latest_question txt | 47 | elif choice | 3"" | main py | 48 | print( ""Goodbye! "" | ocr py | 49 | break | question_bankjson | 50 | 51 | else: | quiz_crop png | 52 | print | 'Invalid option . | review-py | study_assistant py | Ie | PROBLEMS | TERMINAL | powershell | T ~ | 0 @ | PS C: Users HPloneDrivelDesktoplrapid_quiz> py review C | PS C: |Users IHPloneDrivelDesktoplrapid_quiz> (Set-ExecutionPolicy | Scope | Process | ~ExecutionPolicy Remotesigned) | (& c: lusers| HPIOn | eDrivelDesktoplrapid_quiz| .venv Scripts Activate.ps1 | venv) PS C: |Users IHP loneDrivelDesktop rapid_quiz>"
19,2026-06-11T19:16:00.632312,General Knowledge,"capture py | 45 | print | 'No matching questions found | config-py | 46 | latest_question txt | 47 | elif choice | 3"" | main py | 48 | print( ""Goodbye! "" | ocr py | 49 | break | question_bankjson | 50 | 51 | else: | quiz_crop png | 52 | print | 'Invalid option . | review-py | study_assistant py | Ie | PROBLEMS | TERMINAL | powershell | T ~ | (.venv) PS C: Users IHPloneDrivelDesktoplrapid_quiz> py review"
20,2026-06-11T19:16:05.670664,General Knowledge,"capture py | 45 | print | 'No matching questions found | config-py | 46 | latest_question txt | 47 | elif choice | 3"" | main py | 48 | print( ""Goodbye! "" | ocr py | 49 | break | question_bankjson | 50 | 51 | else: | quiz_crop png | 52 | print | 'Invalid option . | review-py | study_assistant py | Ie | PROBLEMS | TERMINAL | py +~ @ W | 63 | (.venv) PS C: |Users IHPloneDrivelDesktoplrapid_quiz> py review:py | Total Questions Collected: 18 | Options: | 2. Search by keyword | Exit | Enter choice:"
21,2026-06-11T19:16:11.712296,General Knowledge,"capture py | 45 | print | 'No matching questions found | config-py | 46 | latest_question txt | 47 | elif choice | 3"" | main py | 48 | print( ""Goodbye! "" | ocr py | 49 | break | question_bankjson | 50 | 51 | else: | quiz_crop png | 52 | print | 'Invalid option . | review-py | study_assistant py | Ie | PROBLEMS | TERMINAL | powershell | T ~ | 63 | (.venv) PS C: |Users IHPloneDrivelDesktoplrapid_quiz> py review:py | Total Questions Collected: 18 | Options: | 2. Search by keyword | 3. Exit | Enter choice: | Goodbyel | venv | PS C: lusers IHPIOneDrivelDesktopIrapid_quiz>"
22,2026-06-11T19:16:47.382718,General Knowledge,"capture png | 45 | print | 'No matching questions found | capture py | 46 | config-py | 47 | elif choice | 3"" | latest_question.txt | 48 | print( ""Goodbye! "" | main py | 49 | break | ocr py | 50 | 51 | else: | question_bankjson | 52 | print | 'Invalid option . | quiz_croppng | reviewpy | study_assistantpy | Ilo | PROBLEMS | TERMINAL | powershell | T ~ | 63 | (.venv) PS C: |Users IHPloneDrivelDesktoplrapid_quiz> py review:py | Total Questions Collected: 18 | Options: | 2. Search by keyword | 3. Exit | Enter choice: | Goodbyel | venv | PS C: lusers IHPIOneDrivelDesktopIrapid_quiz>"
23,2026-06-11T19:16:56.451339,Biology,capture png | capture py | config-py | latest_question.txt | main py | ocrpy | organize py | question_bankjson | quiz_croppng | review:py | study_assistantpy | Ie | PROBLEMS | TERMINAL | powershell | T ~ | 0 W | 63 | (.venv) PS C: |Users IHPloneDrivelDesktoplrapid_quiz> py review:py | Total Questions Collected: 18 | Options: | 2. Search by keyword | 3. Exit | Enter choice: | Goodbyel | venv | PS C: lusers IHPIOneDrivelDesktopIrapid_quiz>
24,2026-06-11T19:17:02.992001,Chemistry,"capture png | 103 | summary | capture py | 104 | for | item in database: | config-py | 105 | topic | item[ ""topic"" ] | TEEC | latest_question.txt | 106 | summary[topic] | summary | (topic, | main py | 107 | 108 | print(""InQuestion | Summary: | ocrpy | 109 | for topic, count in sorted( summary.items | organize py | 110 | print(f""{topic:20} | count} | question_bankjson | quiz_croppng | review:py | study_assistantpy | Ie | PROBLEMS | TERMINAL | powershell | T ~ | 63 | (.venv) PS C: |Users IHPloneDrivelDesktoplrapid_quiz> py review:py | Total Questions Collected: 18 | Options: | 2. Search by keyword | 3. Exit | Enter choice: | Goodbyel | venv | PS C: lusers IHPIOneDrivelDesktopIrapid_quiz> | gete"
25,2026-06-11T19:17:14.561518,Chemistry,"capture py | 103 | summary | config-py | 104 | for | item in database: | latest_question txt | 105 | topic | item[ ""topic"" ] | TEEC | main py | 106 | summary[topic] | summary | (topic, | 107 | ocr py | organize py | 108 | print(""InQuestion | Summary: | 109 | for topic, count in sorted | summary.items | question_bankjson | 110 | print(f""{topic:20} | count} | quiz_croppng | review:py | study_assistantpy | Ilo | PROBLEMS | TERMINAL | powershell | PS C: Users HPloneDrivelDesktoplrapid_quiz> py orga_ | gete"
